Varunummer,Vivino_pris_per_750ml,Vivino_prispunkter,Vivino_prisargang
742801,2537.6,7,2017
3215201,1625.75,4,2023
755301,1449.0,1,2018
244301,3030.73,2,2012
9382601,2480.79,2,2014
257301,329.81,2,2021
2018302,879.21,2,2021
9542501,749.95,2,2013
778702,219.0,1,2025
259001,239.0,3,2025
221101,314.66,3,2023
290102,445.49,1,0
533801,179.0,1,0
259002,239.0,3,2025
2235001,459.5,2,2021
7771001,1722.41,2,2012
1232401,258.5,2,2021
419601,965.0,1,1992
9300901,385.0,3,2022
9449701,348.5,1,2020
9280401,789.47,1,0
9532201,1259.99,2,2017
7475601,136.71,2,2022
276801,432.0,1,2017
1235701,534.22,2,2021
9352401,284.65,2,2024
239801,519.59,2,2022
792501,270.94,2,2025
1235706,534.22,2,2021
208601,352.45,2,2021
7366101,482.48,2,2022
214401,335.44,4,2022
2307101,390.56,2,2024
300401,664.0,1,2008
9593401,460.15,1,2023
9449101,634.48,2,2022
9437401,598.06,2,2016
7667101,254.47,2,2024
721801,225.0,1,2024
270501,378.5,2,2023
9513201,210.08,2,2022
1238501,212.0,1,2022
536404,225.0,1,2025
7022701,419.86,2,2022
468202,159.0,1,2017
559501,196.0,1,0
7930701,144.36,1,2023
9500901,244.0,1,2023
270502,378.5,2,2023
564801,549.0,1,2013
369002,664.0,1,2008
7935301,269.95,3,2025
7012001,369.0,1,2023
9271601,267.91,2,2024
471401,99.25,1,2023
420001,201.88,1,2024
1200001,109.0,1,2022
252501,221.88,2,2021
7357001,115.0,1,2020
130201,244.6,2,2025
528301,289.0,1,2023
7493501,248.0,1,2023
740401,179.0,3,0
1200002,109.0,1,2022
9544501,284.34,2,2023
579801,289.0,1,2023
230001,229.0,3,2023
9542401,398.98,2,2005
7183201,9868.43,1,2019
2016501,141.0,3,2023
3225301,384.0,1,2024
9045001,291.13,2,2025
9401906,134.21,1,2022
270001,135.9,3,2024
730601,345.23,3,2023
9386501,140.98,1,0
2010801,164.71,2,2025
2154001,381.0,1,2022
225701,99.0,1,2021
768801,429.0,1,2021
395801,119.0,1,2024
265901,203.01,1,0
2225701,342.5,2,2024
268601,216.5,2,2020
778101,429.0,1,2021
1241901,179.33,2,2025
2225702,342.5,2,2024
768806,429.0,1,2021
223401,158.0,1,2025
7052101,169.0,1,0
7513101,349.95,1,2025
216401,115.0,1,0
60161001,161.0,3,2025
2225706,342.5,2,2024
560001,117.74,1,0
768802,429.0,1,2021
220401,159.0,1,0
7657001,119.0,1,0
225901,179.0,1,0
7939301,156.61,2,2025
7786501,429.0,1,2021
7550101,179.32,1,2020
7413401,186.09,1,2022
224501,245.0,1,2017
7917501,243.5,2,2024
7939401,156.61,2,2025
659701,119.0,1,2020
7063101,349.95,2,2022
201101,209.95,3,2022
625301,201.44,2,2024
203201,100.38,1,2025
772501,199.0,1,2023
415302,284.0,1,2023
558501,199.0,1,2023
625302,201.44,2,2024
2266202,179.0,1,2024
581001,139.0,1,2024
524401,342.0,1,2024
589901,297.0,1,2024
2266201,179.0,1,2024
2015901,234.5,2,2025
752002,371.0,1,2024
280901,139.0,1,2022
7576401,176.0,1,2025
7342201,224.0,1,2024
7598601,112.0,2,0
7194701,169.0,1,2024
241701,115.0,1,0
607701,107.5,1,2022
601801,89.0,1,2023
632101,115.0,1,2023
3222801,99.0,1,2012
790401,115.0,1,0
233701,269.95,1,2024
289901,119.0,1,2020
7174706,107.5,1,2022
7294901,89.0,1,2023
7159601,119.0,1,2019
2213801,99.0,1,2020
699802,196.0,1,2024
231001,199.0,1,2024
245901,89.0,1,0
1601501,405.0,1,2024
646301,191.0,1,2024
756701,129.0,1,0
746301,389.0,1,2023
756706,129.0,1,0
547501,149.0,1,2021
7280901,89.0,1,0
547502,149.0,1,2021
7960001,164.5,1,2015
7235001,52.95,1,0
7487901,109.0,1,2023
642701,125.0,1,2022
7928001,209.0,1,2024
7558601,99.0,1,0
7684501,119.0,1,2017
7693401,129.0,1,2025
745101,109.0,1,2015
216301,166.0,1,0
7062601,213.16,1,0
241501,99.0,1,2018
9009634,89.0,1,0
7960006,164.5,1,2015
7794001,139.0,1,2017
468402,423.0,2,2016
5027601,289.0,1,2016
5301401,259.0,1,2019
7366301,189.0,1,2024
9307401,787.0,1,2022
9047501,588.0,1,2017
9457601,718.0,1,2023
9200801,371.0,1,2022
9255401,1958.63,4,2023
7661001,259.0,1,2025
9502501,330.0,1,2023
9614601,716.0,1,2023
3247201,278.57,3,2024
9516001,157.09,2,2024
7305901,209.0,1,2015
2010201,139.17,1,0
773101,119.0,1,0
2018301,879.21,2,2021
9247001,649.5,2,2022
583701,17481.22,1,2023
7171906,239.0,1,2025
9579601,214.74,2,2023
9517001,301.17,2,2024
321001,182.45,2,2020
9417301,276.0,1,2022
9205601,1100.0,1,2014
9322801,212.51,2,2024
5981901,250.0,1,2022
9260501,699.81,3,2021
9343201,802.44,2,2001
9063201,229.36,2,2023
9051401,469.0,3,2020
9514001,617.2,2,2016
9462601,4689.95,7,2008
279901,464.48,2,2024
9253401,359.0,1,2024
9305601,306.06,2,2021
2201301,507.52,3,2023
9022201,996.0,1,2022
9341601,582.8,2,2017
9211601,2921.05,3,2023
9323701,226.72,6,2024
9128201,7169.98,4,2023
7974301,217.88,2,2021
2016001,219.0,1,2024
7947701,225.43,2,2023
7325101,119.0,1,2023
209701,159.0,1,2021
222701,189.0,1,0
7119201,1229.47,2,2022
7013101,189.0,1,2016
273501,1017.0,1,2021
240801,119.0,1,2023
7992501,314.66,1,2025
2280001,119.0,1,2019
431801,129.0,1,2023
9020115,89.0,1,0
234501,595.0,1,2021
9284801,301.0,1,2022
9112801,249.0,1,0
565701,665.0,1,2022
699801,196.0,1,2024
2011001,168.05,1,2023
2232001,253.0,1,2021
221102,314.66,3,2023
192201,139.0,1,2019
285201,145.0,1,2021
308302,294.98,5,2020
9518201,279.7,1,2024
9270601,221.62,2,2021
236802,341.25,2,2022
512301,215.76,2,2022
7291401,523.5,2,2022
2235002,459.5,2,2021
9298501,2441.99,4,2015
5809301,511.75,2,2017
273701,249.0,1,0
556201,129.0,1,0
154501,249.0,1,2024
671401,157.0,1,2019
9507701,483.83,1,2020
254701,269.91,2,2023
7790901,119.0,1,2020
5632601,264.88,2,2025
7678802,180.46,3,2023
231002,199.0,1,2024
512302,215.76,2,2022
532902,230.0,1,2021
8728201,536.0,1,2022
9209901,156.77,1,2013
9351401,354.81,3,2025
9342601,611.0,1,2024
9341801,197.37,1,0
9481301,236.28,2,0
9010101,325.94,1,0
7749301,339.0,1,2014
9363501,1999.0,3,2021
9367801,1003.76,3,2021
9002001,540.97,2,2024
9341901,631.5,2,2021
7849801,1490.95,2,2020
9482501,4989.95,9,2022
9243601,348.56,2,2022
9454301,3615.86,2,1996
5832406,209.0,1,2024
9118001,16913.07,2,2012
9015501,294.95,2,2013
9213101,1810.0,1,2020
9226801,983.0,1,2006
9479301,5146.02,3,2021
9203601,729.0,1,2022
9482502,4989.95,9,2022
470501,299.0,1,2024
233001,676.69,1,2012
9362901,321.43,1,2021
251701,402.0,1,2023
9247801,18768.0,1,2013
746201,910.72,2,0
9554001,1649.44,3,2021
9472701,7296.65,2,2015
9303701,4116.54,3,0
9288701,3049.2,2,2019
9028501,1428.75,2,2020
9207201,4748.0,3,2019
9372601,3611.78,2,2021
9419001,3144.95,2,2012
9438901,7409.0,7,2017
9544001,4951.13,3,2013
9241401,214.29,1,2016
9298801,7581.31,4,2020
9273702,8669.0,3,2022
9484901,2658.95,2,2018
9576201,2627.23,2,2021
9584501,3709.95,2,2013
9038501,45570.46,2,2004
9421301,4725.57,3,2023
9247501,743.23,1,2016
7596501,1044.39,2,2021
231701,129.0,1,2022
5190101,201.86,2,2022
9027101,352.04,2,2023
9007701,412.46,6,2022
9292601,591.76,2,2023
9118201,792.0,1,2019
7713201,272.0,1,0
5600701,175.0,1,2025
266001,89.0,1,0
9401401,134.21,1,2022
9354702,217.22,2,2023
9007601,184.03,2,2025
9260402,766.92,3,2012
9230401,411.71,2,2023
9110901,293.0,1,2024
9488001,319.0,1,2021
9463101,209.77,1,2023
9330501,588.0,1,2017
9017901,354.0,1,2022
9330601,527.77,2,2020
9131301,216.5,2,2022
9345901,207.0,3,2022
9242901,319.0,1,2025
9018101,189.47,1,0
9446301,390.0,9,2022
9226401,269.0,3,2024
7396801,99.0,1,2017
241001,119.0,1,2024
7391806,229.0,1,2024
9435401,879.5,2,2020
9132801,321.43,1,2020
9018501,689.95,2,2022
9334101,321.43,1,2022
9495701,205.9,1,2024
9538101,2214.05,2,2020
9221901,6604.0,1,2021
9124102,1625.75,4,2023
9554901,3283.39,2,2009
9600101,166.92,1,2019
9527501,6309.0,1,2019
9410401,3909.0,1,2018
9407001,2244.36,1,2013
9582301,305.46,2,2023
9224001,1344.0,1,2021
9366601,1131.36,2,2018
9243501,631.5,2,2021
9268301,5146.02,3,2021
9425801,479.0,1,2023
9039601,369.0,1,2020
9288901,1049.0,2,2022
9330701,1649.44,3,2021
9260201,736.0,1,2023
9278001,1149.95,5,2022
9408101,608.12,1,2016
9347501,809.48,2,2023
9018201,375.0,3,2024
9468501,843.0,1,2020
9249301,4951.13,3,2013
9427101,4680.0,1,2018
9352201,1192.67,4,2019
9403601,1569.5,2,2020
9302201,4441.0,1,2021
9034001,750.0,1,2023
9063601,4598.19,2,2019
9019001,1856.53,2,2022
9006801,459.0,1,2018
9460801,2472.74,2,0
9127301,285.11,1,2024
9324501,1381.81,3,2022
9123101,3749.0,1,2022
9124601,3749.0,1,2022
9368901,9439.0,1,2018
9452601,15431.21,2,2021
9340401,9992.49,3,2016
9124001,4598.19,2,2019
9505201,2472.74,2,0
9241601,4441.0,1,2021
9575901,4539.48,3,2017
9052701,4582.69,4,2017
9023401,3638.47,4,2015
9209801,2146.0,1,2020
9062301,25243.92,2,2019
9040601,9349.63,5,2021
9496501,8282.0,1,2023
9365201,20979.45,4,2018
9123901,4748.0,3,2019
9446801,8282.0,1,2023
9291301,17078.0,1,2018
9405101,6532.09,2,2021
9409301,8439.0,1,2021
9475601,60398.62,3,2008
9301401,9613.0,2,2002
9456406,8669.0,3,2022
9584401,4441.0,1,2021
9470501,17767.0,2,2019
9120008,989.95,2,2013
9266601,40624.0,1,2013
9355101,7296.65,2,2015
9213901,6139.0,1,2021
9430001,1314.8,2,2018
9494601,6208.0,1,2020
9256401,2481.2,5,2018
9344101,8399.13,2,2016
9414202,23068.0,1,0
9123406,3749.0,1,2022
9054206,4298.58,4,2020
9472906,7296.65,2,2015
9258001,8029.57,2,2013
283601,189.0,1,0
9374801,1263.16,3,2014
9321901,7455.8,1,2014
9030501,7455.8,1,2014
9403501,45570.46,2,2004
9446901,4357.94,2,2017
9439101,15055.0,1,2004
9577201,2244.36,1,2013
9473501,24792.0,1,2018
9251106,4951.13,3,2013
9393201,4285.72,1,2020
7238601,13752.22,2,2017
7968701,214.0,1,2023
8791401,2989.5,4,2016
230601,26221.83,1,0
8262301,393.61,9,2025
200401,168.0,1,2021
9407306,7409.0,7,2017
549101,523.0,1,2012
9461501,4399.0,1,2022
1212601,99.0,1,2019
7313701,111.75,1,2024
9771401,499.86,2,2019
5364801,8505.92,2,1998
235801,256.0,1,2023
7029701,225.0,1,2025
7249201,99.0,1,2014
9009401,292.45,2,2016
9035301,393.0,1,2024
5827001,262.0,1,2022
7052106,169.0,1,0
1237906,299.0,2,2020
7183206,9868.43,1,2019
9051001,1059.88,2,2024
9232001,515.0,1,2017
9571601,3791.39,3,2021
9322001,5614.5,2,2022
9316401,507.52,1,2014
7615301,108.75,1,0
9235501,2949.25,8,2016
239101,79.0,1,0
9598401,2076.0,1,2023
9027301,499.0,3,2021
1237901,299.0,2,2020
9417401,1914.35,2,1989
9363701,614.0,1,2014
9009301,337.24,2,2025
9340601,2777.0,1,2019
7573201,823.31,1,2014
7281301,211.0,2,2024
9344001,1069.0,1,2024
9399901,756.0,1,2023
9393901,10321.44,2,2018
9248101,8506.85,4,2013
9271501,1260.34,4,2020
9001301,3508.36,4,2020
9375301,709.4,1,2014
9391801,2632.31,2,1997
9392201,788.35,1,2013
9393601,3195.0,1,2016
7491301,262.0,1,2024
9376701,1552.77,2,2020
9379801,1363.0,3,2020
9057201,1114.97,2,2017
7252201,899.0,1,2016
9495801,1569.5,2,2020
9035208,1958.63,4,2023
9498301,269.0,1,2023
9601301,289.0,1,2024
9002801,456.0,1,2021
9415201,234.59,3,2022
3214501,636.0,1,2020
9016601,182.39,2,2025
9567201,575.0,1,2022
9227401,671.0,1,2025
3222901,253.3,2,2023
9346801,213.06,2,2022
7738401,214.29,1,2020
9213201,2481.2,5,2018
9284401,2016.12,4,2015
9237401,319.63,2,2025
9330201,1550.0,1,2023
9340501,671.05,5,2020
9341101,758.46,8,2020
7013901,528.0,1,2017
7120302,1900.0,1,2016
9354701,217.22,2,2023
9231601,8314.05,2,2012
3066101,384.29,2,2023
9426601,1925.0,1,2017
9470801,936.13,4,2022
9415401,2456.68,4,2019
9417001,1579.0,1,2020
9321101,1259.99,2,2017
9360901,1556.5,1,2021
7932601,509.0,1,2025
5481101,529.95,2,2016
9617401,319.95,3,2023
9473101,221.5,2,2025
7285201,398.98,2,2005
9279801,319.95,2,2022
9323601,339.95,2,2023
234502,595.0,1,2021
7808701,322.0,1,2018
9055101,274.4,2,2024
9327401,260.86,2,2023
9363506,1999.0,3,2021
9048301,717.74,2,2022
9454101,1592.54,4,2019
9347901,138.16,2,2018
9459801,552.45,2,2013
9234101,1352.26,1,1967
9349601,414.0,1,2023
9034601,466.66,2,2020
9416201,3791.39,3,2021
9267001,947.48,3,2021
9242301,6139.0,1,2021
9292901,833.28,2,2023
9260306,1486.0,1,2015
9064301,1259.99,2,2017
9219101,1556.5,1,2021
9587706,1127.82,1,2016
9395201,3049.2,2,2019
9453201,4581.0,1,2021
9446401,2136.0,1,2014
9003101,1618.2,2,2020
9313401,1199.0,1,2021
9461401,929.89,4,2017
9425601,3195.0,1,2016
9519401,3805.7,2,2020
9531401,3374.8,2,2016
9337801,1556.5,1,2021
9534601,1126.69,1,1970
9405006,4298.58,4,2020
9116801,1489.95,2,2019
9291101,653.01,1,2018
9219801,1300.32,2,2022
9113601,1161.69,2,2021
9300701,825.38,2,2021
9353201,653.01,1,2018
224601,159.0,1,2014
1200201,149.0,1,2013
757901,2441.99,4,2015
9410701,529.95,2,2017
9382801,1558.65,3,2020
7437501,1904.0,1,2022
7388602,294.01,4,2025
9357701,899.0,1,2014
9600301,1086.47,2,2022
9215101,4298.58,4,2020
9403901,1800.0,1,2015
9231001,273.0,1,0
9588601,409.91,2,2021
9063101,989.95,2,2013
5489902,823.31,5,2023
7054701,1116.36,2,2019
9363301,409.34,3,2024
5737801,273.0,3,2023
9014601,189.0,1,0
5321001,549.0,1,2021
9252001,2990.0,1,2007
9296106,6139.0,1,2021
210801,159.0,1,2016
9444501,2072.0,1,1998
7646301,440.53,2,2024
648401,307.44,1,0
5979701,384.09,2,2023
7695301,146.62,1,2022
7416601,99.0,1,2012
9037801,385.71,1,0
9523901,595.0,1,2021
9459901,278.48,2,2024
9338701,653.01,3,2020
7458702,220.0,3,2025
7937401,646.0,1,2021
5425001,552.45,2,2013
5921202,159.0,1,0
9341201,303.38,1,2021
9559301,292.45,2,2018
9388501,226.72,6,2024
9208101,199.0,1,2023
7720102,563.91,1,1998
9481001,141.34,2,2025
9038301,608.12,1,2017
9059001,364.95,2,2013
9048001,276.32,1,2022
202601,897.0,1,2022
9118401,477.88,4,0
7212201,8458.65,1,2020
3191101,863.0,1,2023
2007001,99.0,1,2022
7905601,169.17,1,2009
291001,311.0,1,2024
7822701,229.95,2,0
9024501,1372.46,4,2016
9296701,1488.0,1,2019
9058701,659.95,3,2021
669001,119.0,1,2014
290301,248.0,1,2019
259401,500.0,1,2021
7123501,136.0,3,0
7589301,369.0,3,2022
7263901,245.41,3,2025
9494001,195.63,2,2024
9541401,157.89,1,2009
9319401,349.0,1,2024
9489901,358.16,2,2021
9002401,183.83,3,2020
9325201,190.6,1,2020
9601101,293.56,2,2024
9307001,427.49,2,2024
9275601,3741.0,1,2004
9472601,6139.0,1,2021
9006301,17767.0,2,2019
9469001,14583.94,6,2019
9279001,8669.0,3,2022
9015701,9349.63,5,2021
9293901,3996.0,1,2012
9471801,10944.98,2,1968
9058906,8669.0,3,2022
9235401,1899.0,1,2022
9577301,3909.0,1,2018
9577501,3283.39,2,2009
9584001,1372.46,4,2016
9350906,3228.95,2,2021
9462201,4049.0,1,2022
9462401,5959.0,1,2022
9405506,5146.02,3,2021
9341501,2025.5,6,2020
9383701,1437.0,1,2020
9474106,8669.0,3,2022
9222501,9349.63,5,2021
9291701,1083.68,2,2020
9225801,7581.31,4,2020
9356301,10944.98,2,1968
9470201,2025.5,6,2020
9484201,562.78,1,2021
9432501,2135.0,1,2021
9127801,2651.02,2,2023
9416901,7409.0,7,2017
9012601,906.24,2,2017
9214001,8399.13,2,2016
9007201,2386.77,2,2020
9380001,996.0,1,2022
661201,199.95,2,2019
7243701,1859.86,2,2019
7074501,3186.0,1,2017
7139901,219.0,1,2024
9397601,1344.0,1,2021
9026401,4689.95,7,2008
9442301,2291.87,2,2019
9026406,4689.95,7,2008
7975201,669.0,1,0
7846101,186.0,1,2023
9021601,162.34,2,2019
522201,298.0,3,2023
638201,342.0,1,2025
7328101,174.0,1,2021
7396408,269.95,3,2025
9451901,355.26,3,2022
9509201,476.0,1,2021
7980801,139.85,1,2019
9305201,1999.0,1,2018
699701,199.0,1,2025
9116701,1433.16,2,2020
7144106,239.0,1,2025
9590401,4314.0,1,2021
9373701,16261.94,2,2019
9001001,205.81,2,2023
9386802,586.46,1,2024
9312101,227.56,2,2020
9419706,711.0,2,2021
9448301,611.0,1,2024
9433301,929.0,1,2020
9420702,563.91,1,1998
7206802,619.5,1,2018
9581801,478.03,4,2018
9020801,606.0,1,2023
9044901,587.45,2,2017
9004201,6549.0,1,2021
9050801,1296.99,3,2021
9250601,3805.7,2,2020
9538201,1693.12,2,2020
9451501,403.0,1,2024
9437701,2364.95,2,2019
9447101,7581.31,4,2020
9555301,2136.0,1,2014
9434506,1204.87,4,2023
7555701,354.95,2,2023
9405801,3644.0,1,2022
9281201,1299.58,2,2021
9361601,6279.0,3,2006
7487401,284.34,2,2023
5339801,767.46,6,2020
9478001,2146.0,1,2020
9354001,3741.0,1,2004
9439701,1449.0,1,2023
7287701,144.93,2,0
7151301,209.0,1,2021
8408901,238.5,2,2021
308301,294.98,5,2020
9249101,453.0,1,2023
8216401,314.66,1,2020
9375901,391.0,1,2023
7402901,311.0,1,2019
9594801,414.0,2,2024
9300501,479.0,1,2021
7484002,209.95,3,2022
7185402,176.0,1,2025
9278301,4626.98,4,2019
5226201,240.0,1,2024
9000701,4581.0,1,2013
9394302,569.01,4,2021
5029402,582.4,2,2019
9405701,478.0,1,2025
7698001,279.0,1,2025
9039202,819.95,2,2018
7041901,181.0,6,2025
7574101,315.79,3,2024
9519301,262.0,1,2024
207001,306.77,1,2017
9058801,297.0,1,2023
9387201,608.0,1,2023
9211501,232.88,2,2024
9479401,699.0,1,2022
9349006,5146.02,3,2021
9379501,7374.0,1,2021
9471906,2537.6,7,2017
7352501,980.0,1,2019
5948001,159.0,1,2019
535301,269.0,1,2022
9023101,686.39,2,2023
8041301,369.0,1,2020
7549101,120.0,1,2024
234506,595.0,1,2021
9122401,305.46,2,2023
9117601,245.42,2,2024
9264501,796.82,2,2023
9526201,1366.69,2,2020
9209501,410.01,2,2025
9011501,1599.0,1,2019
223701,140.98,1,0
9323102,824.1,2,2012
9067401,606.0,1,2021
9120201,479.0,1,2023
9032901,4894.95,4,2017
9293701,12597.75,1,0
7074201,199.37,2,2024
7223006,1528.0,1,2019
7081201,371.05,1,2018
5030101,1134.15,2,2020
3236101,283.19,2,2021
7196701,261.0,1,2014
7373701,1353.5,2,2021
7217006,1907.5,2,2020
7010206,4689.95,7,2008
7015901,1099.0,1,2024
7962306,181.0,6,2025
7641201,174.81,1,2025
7135701,225.78,2,2025
9024401,232.54,2,2023
9050901,300.87,2,2024
9285001,412.46,6,2022
9017001,375.56,5,2023
9348601,201.88,1,0
9369501,693.0,2,2023
9372001,490.71,2,2023
9428401,469.0,1,2022
9015201,464.95,2,2017
9252701,493.0,1,2021
9036401,581.52,2,2023
9509701,1945.64,4,2018
9390701,777.0,2,2022
9339801,140.98,1,0
9208301,239.0,1,2024
9424701,1344.97,4,2022
9262601,319.0,1,2024
9273801,250.38,1,2016
9530001,236.0,1,0
9131201,399.0,1,2025
259801,149.0,1,2024
9214601,216.01,2,2025
9181501,297.45,2,2016
9242001,457.45,2,2021
9517201,971.28,2,2022
9518801,966.24,2,2022
9519501,862.0,1,2021
9600001,932.85,2,2020
9369601,2095.83,7,2022
9599801,1409.22,2,2019
9380201,1450.0,3,2021
9124201,279.0,1,2025
9122201,752.45,2,2012
9215401,1008.05,3,2021
9374301,1207.0,2,2021
9317001,364.95,2,2014
9422401,1580.42,2,2020
9514101,1230.03,2,2023
9512601,1155.53,2,2024
9309001,493.5,2,2021
9519201,2714.02,2,2022
9234501,703.08,3,2023
9447001,1344.0,1,2021
9003201,212.12,2,2025
9125001,458.0,3,2023
9245601,478.26,2,2024
9057101,641.73,1,2017
9288801,644.76,2,2020
9408501,570.0,1,2022
9262701,339.0,1,2022
9044001,200.0,1,2025
9304801,1801.91,2,2022
9254501,614.48,2,2022
9389301,319.96,3,2024
9358101,259.95,2,2017
9042701,818.0,1,2020
9348401,332.71,2,2023
9360301,1105.47,6,2021
9362401,879.0,1,2022
9362801,1085.64,3,2021
9512001,454.27,2,2016
9359701,619.0,1,2021
9256801,844.51,3,2022
9275501,599.0,1,2020
9284506,8669.0,3,2022
9125601,789.48,2,2020
9324601,504.0,1,2023
9484501,590.0,1,2023
9061306,1553.0,1,2015
9023701,416.17,1,2020
9320301,7259.95,5,2021
9424901,558.95,3,2021
9439601,450.59,2,2025
9483601,1952.51,2,2021
9422001,404.0,2,2021
9402801,389.0,2,2024
9200501,5229.53,2,2017
9218801,287.59,3,2022
9396401,1804.51,3,2014
9404601,4049.0,1,2022
9209201,1399.0,1,2023
9023801,1029.67,2,2023
9404101,1748.12,1,1998
9212801,666.0,1,2017
9401801,1109.0,1,2018
9014501,1679.0,1,2021
9373801,450.0,3,2024
9118301,580.0,1,2020
9450601,4441.0,1,2021
9297401,199.0,1,2023
9449301,759.0,1,2023
9290001,7409.0,7,2017
9415901,315.0,1,2024
9457501,566.17,1,2024
9001401,291.02,2,2020
7296001,965.0,1,1992
9447201,499.0,1,2020
9503501,431.0,1,2024
9442201,319.0,1,2024
9513701,191.73,1,2022
9442701,462.79,2,2020
9449001,9604.0,1,2001
9210701,1276.42,2,2022
9566901,812.03,1,2019
9359501,1528.2,4,2001
9562101,2374.0,1,2016
9281001,1038.0,1,2023
9416301,184.29,3,2025
9298201,750.96,2,2024
9240501,612.0,1,2022
9263101,335.44,4,2022
9003801,620.3,1,2013
9420901,969.98,3,2018
9583701,10714.29,3,2020
9363201,3030.73,2,2012
9222601,845.87,1,2020
9053601,1989.0,1,2019
9302901,196.4,2,2024
9472301,3709.95,2,2013
9487401,4894.95,4,2017
9042601,3403.69,2,2019
9057001,1599.0,3,2023
9005801,3403.69,2,2019
9231701,465.23,2,2013
